app_id,name,recommendations,genres,CPU,GPU,memory
730,Counter-Strike 2,4248820,"['Action', 'Free To Play']",4 hardware CPU threads - Intel® Core™ i5 750 or higher,Video card must be 1 GB or more and should be a DirectX 11-compatible with support for Shader Model 5.0,8 GB
578080,PUBG: BATTLEGROUNDS,1720338,"['Action', 'Adventure', 'Massively Multiplayer', 'Free To Play']",Intel Core i5-4430 / AMD FX-6300,NVIDIA GeForce GTX 960 2GB / AMD Radeon R7 370 2GB,8 GB
359550,Tom Clancy's Rainbow Six® Siege,1127178,['Action'],"AMD Ryzen 3 1200 @ 3.1 GHz, Intel Core i5-4590 @ 3.3 GHz, or better","AMD RX 560 (4 GB), Intel ARC A380 (6 GB), NVIDIA GeForce GTX 960 (4 GB), or better",8 GB
105600,Terraria,1066550,"['Action', 'Adventure', 'Indie', 'RPG']",Dual Core 3.0 Ghz,"256mb Video Memory, capable of Shader Model 2.0+",4GB
4000,Garry's Mod,949746,"['Casual', 'Indie', 'Simulation']",2.5 GHz Processor or better,4GB dedicated VRAM or better,8 GB
252490,Rust,921881,"['Action', 'Adventure', 'Indie', 'Massively Multiplayer', 'RPG']",Intel Core i7-3770 / AMD FX-9590 or better,GTX 1050 / AMD 500 Series or better,10 GB
431960,Wallpaper Engine,768741,"['Casual', 'Indie', 'Animation & Modeling', 'Design & Illustration', 'Photo Editing', 'Utilities']",2.0 GHz Intel i7 or equivalent,"NVIDIA GeForce GTX 660, AMD HD7870, 2 GB VRAM or above",2048 MB
292030,The Witcher 3: Wild Hunt,740265,['RPG'],Intel Core i5-7400 / Ryzen 5 1600,Nvidia GTX 1070 / Radeon RX 480,8 GB
1245620,ELDEN RING,712713,"['Action', 'RPG']",INTEL CORE I5-8400 or AMD RYZEN 3 3300X,NVIDIA GEFORCE GTX 1060 3 GB or AMD RADEON RX 580 4 GB,12 GB
2358720,Black Myth: Wukong,707880,"['Action', 'Adventure', 'RPG']",Intel Core i5-8400 / AMD Ryzen 5 1600,NVIDIA GeForce GTX 1060 6GB / AMD Radeon RX 580 8GB,16 GB
1091500,Cyberpunk 2077,693808,['RPG'],Core i7-6700 or Ryzen 5 1600,GeForce GTX 1060 6GB or Radeon RX 580 8GB or Arc A380,12 GB
550,Left 4 Dead 2,674128,['Action'],Intel core 2 duo 2.4GHz,"Video Card Shader model 3.0. NVidia 7600, ATI X1600 or better",2 GB
553850,HELLDIVERS™ 2,670631,['Action'],Intel Core i7-4790K or AMD Ryzen 5 1500X,NVIDIA GeForce GTX 1050 Ti or AMD Radeon RX 470,8 GB
413150,Stardew Valley,654458,"['Indie', 'RPG', 'Simulation']",2 Ghz,"256 mb video memory, shader model 3.0+",2 GB
227300,Euro Truck Simulator 2,632190,"['Indie', 'Simulation']",Intel Core i5-9600 or AMD Ryzen 5 3600 or similar,NVIDIA GeForce GTX 1660 or AMD Radeon RX 590 (2GB VRAM),12 GB
945360,Among Us,607719,['Casual'],INTEL i3-4330,Nvidia GTX 650,4 GB
1086940,Baldur's Gate 3,590113,"['Adventure', 'RPG', 'Strategy']",Intel I5 4690 / AMD FX 8350,Nvidia GTX 970 / RX 480 (4GB+ of VRAM),8 GB
739630,Phasmophobia,580832,"['Action', 'Indie', 'Early Access']",Intel Core i5-4590 / AMD Ryzen 5 2600,NVIDIA GTX 970 / AMD Radeon R9 390,8 GB
1174180,Red Dead Redemption 2,578403,"['Action', 'Adventure']",Intel® Core™ i5-2500K / AMD FX-6300,Nvidia GeForce GTX 770 2GB / AMD Radeon R9 280 3GB,8 GB
381210,Dead by Daylight,543209,['Action'],Intel Core i3-4170 or AMD FX-8120,DX11 Compatible GeForce GTX 460 1GB or AMD HD 6850 1GB,8 GB
346110,ARK: Survival Evolved,529971,"['Action', 'Adventure', 'Indie', 'Massively Multiplayer', 'RPG']",Intel Core i5-2400/AMD FX-8320 or better,NVIDIA GTX 670 2GB/AMD Radeon HD 7870 2GB or better,8 GB
242760,The Forest,474479,"['Action', 'Adventure', 'Indie', 'Simulation']",Quad Core Processor,NVIDIA GeForce GTX 560,4 GB
252950,Rocket League®,432410,"['Action', 'Indie', 'Racing', 'Sports']",3.0+ GHz Quad core,"NVIDIA GeForce GTX 1060, AMD Radeon RX 470, or better",8 GB
218620,PAYDAY 2,431380,"['Action', 'RPG']",2.3 GHz Intel Quad Core Processor,Nvidia & AMD (1GB VRAM),8 GB
892970,Valheim,399660,"['Action', 'Adventure', 'Indie', 'RPG', 'Early Access']",2.6 GHz Quad Core or similar,GeForce GTX 950 or Radeon HD 7970,8 GB
1966720,Lethal Company,353716,"['Action', 'Adventure', 'Indie', 'Early Access']",Intel Core i5-7400 CPU @ 3.00GHz ; Shader Model 5,NVIDIA GForce GTX 1050,Not Available
322170,Geometry Dash,346108,"['Action', 'Indie']",2.0+ GHz,OpenGL 2.0 support,512 MB
620,Portal 2,338329,"['Action', 'Adventure']","3.0 GHz P4, Dual Core 2.0 (or higher) or AMD64X2 (or higher)",Video card must be 128 MB or more and with support for Pixel Shader 2.0b (ATI Radeon X800 or higher / NVIDIA GeForce 7600 or higher / Intel HD Graphics 2000 or higher).,2 GB
1938090,Call of Duty®,335337,['Action'],AMD Ryzen™ 5 1400 or Intel® Core™ i5-6600,"AMD Radeon™ RX 470, NVIDIA® GeForce® GTX 960 or Intel® Arc™ A580",8 GB
221100,DayZ,335318,"['Action', 'Adventure', 'Massively Multiplayer']",Intel Core i5-6600K or AMD R5 1600X,NVIDIA GeForce GTX 1060 or AMD RX 580,12 GB
367520,Hollow Knight,332297,"['Action', 'Adventure', 'Indie']",Intel Core i5,GeForce GTX 560,8 GB
239140,Dying Light,321169,"['Action', 'RPG']",Intel® Core™ i5-4670K @3.4 GHz / AMD FX-8350 @4.0 GHz,NVIDIA® GeForce® GTX 780 / AMD Radeon™ R9 290 (2GB VRAM),8 GB DDR3
322330,Don't Starve Together,319519,"['Action', 'Adventure', 'Indie', 'RPG', 'Simulation', 'Strategy']",1.7+ GHz or better,Radeon HD5450 or better; 256 MB or higher,1 GB
1172620,Sea of Thieves: 2024 Edition,294641,"['Action', 'Adventure']",Intel Q9450 @ 2.6GHz - AMD Phenom II X6 @ 3.3 GHz,Nvidia GeForce GTX 650 - AMD Radeon 7750 - Intel A310,4 GB
960090,Bloons TD 6,292272,['Strategy'],1.5Ghz or better (x86-64),"OpenGL 2.0 compatible, ATI, Nvidia or Intel HD",4096 MB
582010,Monster Hunter: World,283373,['Action'],Intel® Core™ i5 4460 or Core™ i3 9100F or AMD FX™-6300 or Ryzen™ 3 3200G,NVIDIA®GeForce®GTX 760 or GTX1050 or AMD Radeon™ R7 260x or RX 560,8 GB
1623730,Palworld,278108,"['Action', 'Adventure', 'Indie', 'RPG', 'Early Access']",i5-3570K 3.4 GHz 4 Core,GeForce GTX 1050 (2GB),16 GB
648800,Raft,277431,"['Adventure', 'Indie', 'Simulation']",Intel Core i5 2.6GHz or similar,GeForce GTX 700 series or similar,6 GB
250900,The Binding of Isaac: Rebirth,273219,['Action'],2.4 GHz Quad Core 2.0 (or higher),"Intel HD Graphics 4000 and higher, ATI Radeon HD-Series 4650 and higher, Nvidia GeForce 2xx-Series and up",8 GB
264710,Subnautica,257807,"['Adventure', 'Indie']",Intel Haswell 2 cores / 4 threads @ 2.5Ghz or equivalent,Intel HD 4600 or equivalent - This includes most GPUs scoring greater than 950 points in the 3DMark Fire Strike benchmark,4 GB
284160,BeamNG.drive,255198,"['Racing', 'Simulation', 'Early Access']",AMD FX 6300 3.5Ghz / Intel Core i3-6300 3.8Ghz,Radeon HD 7750 / Nvidia GeForce GTX 550 Ti,16 GB
374320,DARK SOULS™ III,251472,['Action'],Intel Core i7-3770 / AMD® FX-8350,NVIDIA® GeForce GTX 970 / ATI Radeon R9 series,8 GB
377160,Fallout 4,251164,['RPG'],Intel Core i5-2300 2.8 GHz/AMD Phenom II X4 945 3.0 GHz or equivalent,NVIDIA GTX 550 Ti 2GB/AMD Radeon HD 7870 2GB or equivalent,8 GB
548430,Deep Rock Galactic,249916,['Action'],"Intel i5, 3rd gen (or equivalent)",NVIDIA GeForce GTX 660 or AMD Radeon HD 7870,6 GB
1145360,Hades,248076,"['Action', 'Indie', 'RPG']",Dual Core 3.0 GHz+,2GB VRAM / DirectX 10+ support,8 GB
108600,Project Zomboid,246934,"['Indie', 'RPG', 'Simulation', 'Early Access']",Intel 2.77GHz Quad-core,"Dedicated graphics card with 2 GB of RAM minimum, OpenGL 2.1 and GLSL 1.2 support (generally 2012 or newer)",8Gb Ram
1118200,People Playground,245552,"['Action', 'Casual', 'Indie', 'Simulation']",3 GHz,Graphics card with DX10 (shader model 4.0) capabilities,8 GB
275850,No Man's Sky,243128,"['Action', 'Adventure']",Intel Core i3,"Nvidia GTX 1060 3GB, AMD RX 470 4GB, Intel UHD graphics 630",8 GB
1063730,New World: Aeternum,241779,"['Action', 'Adventure', 'Massively Multiplayer', 'RPG']",Intel® Core i5-10500 @ 3.10GHz / AMD Ryzen 3 3300X,NVIDIA GTX 1060 3 GB / AMD Radeon RX 590,8 GB
289070,Sid Meier’s Civilization® VI,239700,['Strategy'],Intel Core i3 2.5 Ghz or AMD Phenom II 2.6 Ghz or greater,1 GB & AMD 5570 or nVidia 450 or Intel Integrated Graphics 530,4 GB
1293830,Forza Horizon 4,235895,['Racing'],Intel i3-4170 @ 3.7Ghz OR Intel i5 750 @ 2.67Ghz,NVidia 650TI OR AMD R7 250x,8 GB
251570,7 Days to Die,233577,"['Action', 'Adventure', 'Indie', 'RPG', 'Simulation', 'Strategy']",2.8 Ghz Quad Core CPU,2 GB Dedicated Memory,8 GB
1794680,Vampire Survivors,224327,"['Action', 'Casual', 'Indie', 'RPG']",x64 architecture with SSE2 instruction set support,"DX11, DX12 capable",1 GB
394360,Hearts of Iron IV,220959,"['Simulation', 'Strategy']",Intel® Core™ i5 2500K | AMD® Ryzen 3 2200G,Nvidia® GeForce™ GTX 570 (1.28GB) | AMD® Radeon™ HD 7970 (3GB) | Intel Iris Xe G7 (Tiger Lake),6 GB
814380,Sekiro™: Shadows Die Twice - GOTY Edition,219721,"['Action', 'Adventure']",Intel Core i5-2500K | AMD Ryzen 5 1400,NVIDIA GeForce GTX 970 | AMD Radeon RX 570,8 GB
1517290,Battlefield™ 2042,215105,"['Action', 'Adventure', 'Casual']","AMD Ryzen 5 1600, Core i5 6600K","AMD Radeon RX 560,Nvidia GeForce GTX 1050 Ti",8 GB
391540,Undertale,214211,"['Indie', 'RPG']",2GHz+,512MB,3 GB
976730,Halo: The Master Chief Collection,211793,['Action'],AMD Phenom II X4 960T ; Intel i3550,AMD HD 6850 ; NVIDIA GeForce GTS 450,Not Available
107410,Arma 3,209303,"['Action', 'Simulation', 'Strategy']",Intel Core i5-4460 or AMD FX 4300 or better,NVIDIA GeForce GTX 660 / AMD Radeon HD 7800 Series with 2 GB VRAM,8 GB
1237970,Titanfall® 2,207997,['Action'],Intel Core i3-6300t or equivalent [4 or more hardware threads],NVIDIA Geforce GTX 660 2GB or AMD Radeon HD 7850 2GB,8 GB
990080,Hogwarts Legacy,205056,"['Action', 'Adventure', 'RPG']",Intel Core i5-6600 (3.3Ghz) or AMD Ryzen 5 1400 (3.2Ghz),NVIDIA GeForce GTX 960 4GB or AMD Radeon RX 470 4GB,16 GB
632360,Risk of Rain 2,199865,"['Action', 'Indie']",Intel Core i3-6100 / AMD FX-8350,GTX 580 / AMD HD 7870,4 GB
1238810,Battlefield™ V,199302,['Action'],AMD FX-8350/ Core i5 6600K,NVIDIA GeForce® GTX 1050 / NVIDIA GeForce® GTX 660 2GB or AMD Radeon™ RX 560 / HD 7850 2GB,8 GB
49520,Borderlands 2,197214,"['Action', 'RPG']",2.3 GHz Quad Core processor,NVIDIA GeForce GTX 560 / ATI Radeon HD 5850,2 GB
261550,Mount & Blade II: Bannerlord,195896,"['Action', 'Indie', 'RPG', 'Simulation', 'Strategy']",Intel® Core™ i3-8100 / AMD Ryzen™ 3 1200,Intel® UHD Graphics 630 / NVIDIA® GeForce® GTX 660 2GB / AMD Radeon™ HD 7850 2GB,6 GB
255710,Cities: Skylines,194475,"['Simulation', 'Strategy']",Intel® Core™ I7 930  |  AMD® FX 6350,Nvidia® GeForce™ GTS 450 (1 GB) |  AMD® R7 250 (2 GB)  |  Intel Iris Xe G7 (Tiger Lake),8 GB
1203220,NARAKA: BLADEPOINT,191830,"['Action', 'Adventure', 'Massively Multiplayer']",Intel i7 7th generation or equivalent,"NVIDIA GeForce GTX 1060 6G, Intel Arc A750, AMD RX480 or equivalent",16 GB
1468810,鬼谷八荒 Tale of Immortal,189532,"['Action', 'Adventure', 'Indie', 'RPG', 'Simulation']",2.50GHz,HD4400,4 GB
1326470,Sons Of The Forest,184481,"['Action', 'Adventure', 'Indie', 'Simulation']",INTEL CORE I5-8400 or AMD RYZEN 3 3300X,NVIDIA GeForce GTX 1060 3GB or AMD Radeon RX 570 4GB,12 GB
594650,Hunt: Showdown 1896,181180,['Action'],Intel CPU 7th Gen 7700 / AMD Ryzen 5 2600,"NVIDIA GTX 1650 Super or AMD Radeon RX 5500 XT, with a minimum of 4GB of VRAM",8 GB
72850,The Elder Scrolls V: Skyrim,181015,['RPG'],Quad-core Intel or AMD CPU,DirectX 9.0c compatible NVIDIA or AMD ATI video card with 1GB of RAM (Nvidia GeForce GTX 260 or higher; ATI Radeon 4890 or higher),4GB System
1551360,Forza Horizon 5,179916,"['Action', 'Adventure', 'Racing', 'Simulation', 'Sports']",Intel i5-4460 or AMD Ryzen 3 1200,"NVidia GTX 970, AMD RX 470, OR Intel Arc A380",8 GB
22380,Fallout: New Vegas,174633,"['Action', 'RPG']",Dual Core 2.0GHz,"NVIDIA GeForce 6 series, ATI 1300XT series",2GB
782330,DOOM Eternal,169914,['Action'],"Intel Core i5 @ 3.3 GHz or better, or AMD Ryzen 3 @ 3.1 GHz or better","NVIDIA GeForce GTX 1050Ti (4GB), GTX 1060 (3GB), GTX 1650 (4GB) or AMD Radeon R9 280(3GB), AMD Radeon R9 290 (4GB), RX 470 (4GB)",8 GB
489830,The Elder Scrolls V: Skyrim Special Edition,169694,['RPG'],Intel i5-2400/AMD FX-8320,NVIDIA GTX 780 3GB /AMD R9 290 4GB,8 GB
294100,RimWorld,165200,"['Indie', 'Simulation', 'Strategy']",Core 2 Duo,Intel HD Graphics 4000 or other shader model 4.0,4 GB
526870,Satisfactory,163271,"['Adventure', 'Indie', 'Simulation', 'Strategy']",i5-3570 3.4 GHz 4 Core,"Nvidia GTX 1650/GTX 1050-ti, or AMD RX 470/RX 570, or equivalent performance & VRAM",8 GB
435150,Divinity: Original Sin 2 - Definitive Edition,160119,"['Adventure', 'RPG', 'Strategy']",Intel Core i5 or equivalent,NVIDIA® GeForce® GTX 550 or ATI™ Radeon™ HD 6XXX or higher,4 GB
220,Half-Life 2,159918,['Action'],1.7 Ghz,DirectX 8.1 level Graphics Card (requires support for SSE),512 MB
477160,Human Fall Flat,157492,"['Adventure', 'Casual', 'Indie', 'Simulation']",Intel Core2 Quad Q9300 (4 * 2500) or equivalent | AMD A10-5800K APU (4*3800) or equivalent,GeForce GTX 460 (1024 MB) or equivalent | Radeon HD 7770 (1024 MB),2048 MB
427520,Factorio,156221,"['Casual', 'Indie', 'Simulation', 'Strategy']",Quad core 4Ghz+ from 2020 or newer,"DirectX 11 capable GPU with 4 GB VRAM - GeForce GTX 1050 Ti, Radeon RX 570, Intel Arc",16 GB
1144200,Ready or Not,153390,"['Action', 'Adventure', 'Indie']",Intel Core i5-4430 / AMD FX-6300,NVIDIA GeForce GTX 960 2GB / AMD Radeon R7 370 2GB,8 GB
10,Counter-Strike,153259,['Action'],Not Available,Not Available,Not Available
1426210,It Takes Two,152465,"['Action', 'Adventure']",Intel Core i3-2100T or AMD FX 6100,Nvidia GeForce GTX 660 or AMD R7 260x,8 GB
268910,Cuphead,152290,"['Action', 'Indie']","Intel Core2 Duo E8400, 3.0GHz or AMD Athlon 64 X2 6000+, 3.0GHz or higher",Geforce 9600 GT or AMD HD 3870 512MB or higher,3 GB
203160,Tomb Raider,147822,"['Action', 'Adventure']","Quad core CPU: AMD Phenom II X4 955, Intel Core i5-750","DirectX 11 graphics card with 1GB Video RAM: AMD Radeon HD 5870, nVidia GTX 480",4 GB
552520,Far Cry® 5,146637,"['Action', 'Adventure']",Intel Core i5-2400 @ 3.1 GHz or AMD FX-6300 @ 3.5 GHz or equivalent,NVIDIA GeForce GTX 670 or AMD R9 270 (2GB VRAM with Shader Model 5.0 or better),8 GB
812140,Assassin's Creed® Odyssey,144904,"['Action', 'Adventure', 'RPG']","AMD FX 6300 @ 3.8 GHz, Ryzen 3 - 1200, Intel Core i5 2400 @ 3.1 GHz (MORE DETAILS HERE)","AMD Radeon R9 285, NVIDIA GeForce GTX 660 (2GB VRAM with Shader Model 5.0) (MORE DETAILS HERE)",8 GB
433850,Z1 Battle Royale,144601,"['Action', 'Adventure', 'Free To Play', 'Massively Multiplayer']",Intel Core i5-6600K / AMD Ryzen 5 1600,NVIDIA GeForce GTX 960 2GB / AMD Radeon R7 370 2GB or higher,8 GB
646570,Slay the Spire,143611,"['Indie', 'Strategy']",2.0 Ghz,"1Gb Video Memory, capable of OpenGL 3.0+ support (2.1 with ARB extensions acceptable)",2 GB
400,Portal,142984,['Action'],Not Available,Not Available,Not Available
12210,Grand Theft Auto IV: The Complete Edition,141743,"['Action', 'Adventure']","Intel Core 2 Duo 1.8GHz, AMD Athlon X2 64 2.4GHz",256MB Nvidia 7900 / 256MB ATI X1900,1.5GB
393380,Squad,140781,"['Action', 'Indie', 'Massively Multiplayer', 'Strategy']",Intel Core i or AMD Ryzen with 4 physical cores,Geforce GTX 960 or AMD Radeon HD 7970 with at least 4 GB of VRAM,8 GB
1238840,Battlefield™ 1,139124,"['Action', 'Massively Multiplayer']",Processor (AMD): AMD FX-6350 Processor (Intel): Intel Core i5 6600K,Graphics card (AMD): AMD Radeon™ HD 7850 2GB Graphics card (NVIDIA): NVIDIA GeForce® GTX 660 2GB,8 GB
518790,theHunter: Call of the Wild™,136924,"['Adventure', 'Simulation', 'Sports']",Intel i3-4170,NVIDIA GTX 660 / ATI HD7870 - 1GB VRAM,4 GB
588650,Dead Cells,135934,"['Action', 'Adventure', 'Indie']",Intel i5+,Nvidia GTX 460 / Radeon HD 7800 or better,4 GB
270880,American Truck Simulator,134650,"['Indie', 'Simulation']",Intel Core i5-9600 or AMD Ryzen 5 3600 or similar,NVIDIA GeForce GTX 1660 or AMD Radeon RX 590 (2GB VRAM),12 GB
311210,Call of Duty®: Black Ops III,133443,"['Action', 'Adventure']",Intel® Core™ i3-530 @ 2.93 GHz / AMD Phenom™ II X4 810 @ 2.60 GHz,NVIDIA® GeForce® GTX 470 @ 1GB / ATI® Radeon™ HD 6970 @ 1GB,6 GB
379720,DOOM,132465,['Action'],Intel Core i7-3770/AMD FX-8350 or better,NVIDIA GTX 970 4GB/AMD Radeon R9 290 4GB or better,8 GB
534380,Dying Light 2 Stay Human: Reloaded Edition,132419,"['Action', 'Adventure', 'RPG']",Intel Core i3-9100 / AMD Ryzen 3 2300X,NVIDIA® GeForce® GTX 1050 Ti / AMD Radeon™ RX 560 (4GB VRAM),8 GB
