app_id,name,recommendations,genres,tags,CPU,GPU,memory
730,Counter-Strike 2,4248820,"['Action', 'Free To Play']","['FPS', 'Shooter', 'Multiplayer', 'Competitive', 'Action', 'Team-Based', 'eSports', 'Tactical', 'First-Person', 'PvP', 'Online Co-Op', 'Co-op', 'Strategy', 'Military', 'War', 'Difficult', 'Trading', 'Realistic', 'Fast-Paced', 'Moddable']",1326,4500,8192
578080,PUBG: BATTLEGROUNDS,1720338,"['Action', 'Adventure', 'Massively Multiplayer', 'Free To Play']","['Survival', 'Shooter', 'Battle Royale', 'Multiplayer', 'FPS', 'PvP', 'Third-Person Shooter', 'Action', 'Online Co-Op', 'Tactical', 'Co-op', 'First-Person', 'Strategy', 'Early Access', 'Competitive', 'Third Person', 'Team-Based', 'Difficult', 'Simulation', 'Stealth']",4660,6084,8192
359550,Tom Clancy's Rainbow SixÂ® Siege,1127178,['Action'],"['FPS', 'PvP', 'eSports', 'Multiplayer', 'Shooter', 'Tactical', 'Competitive', 'Online Co-Op', 'Action', 'Hero Shooter', 'Team-Based', 'Military', 'Strategy', 'First-Person', 'Co-op', 'War', 'Realistic', 'Destruction', 'Difficult', '3D']",6282,6084,8192
105600,Terraria,1066550,"['Action', 'Adventure', 'Indie', 'RPG']","['Open World Survival Craft', 'Sandbox', 'Survival', '2D', 'Multiplayer', 'Adventure', 'Pixel Graphics', 'Crafting', 'Building', 'Exploration', 'Co-op', 'Open World', 'Online Co-Op', 'Indie', 'Action', 'RPG', 'Singleplayer', 'Replay Value', 'Platformer', 'Atmospheric']",803,123,4096
4000,Garry's Mod,949746,"['Casual', 'Indie', 'Simulation']","['Sandbox', 'Moddable', 'Multiplayer', 'Physics', 'Building', 'Casual', 'Funny', 'First-Person', 'Singleplayer', 'FPS', 'Simulation', 'Online Co-Op', 'Shooter', 'Co-op', 'Comedy', 'Action', 'Indie', 'PvP', 'Realistic', 'Exploration']",795,3111,8192
252490,Rust,921881,"['Action', 'Adventure', 'Indie', 'Massively Multiplayer', 'RPG']","['Survival', 'Crafting', 'Multiplayer', 'Open World', 'Open World Survival Craft', 'Building', 'PvP', 'Sandbox', 'Adventure', 'First-Person', 'Action', 'Nudity', 'FPS', 'Shooter', 'Co-op', 'Online Co-Op', 'Indie', 'Post-apocalyptic', 'Early Access', 'Simulation']",6412,5075,10240
431960,Wallpaper Engine,768741,"['Casual', 'Indie', 'Animation & Modeling', 'Design & Illustration', 'Photo Editing', 'Utilities']","['Mature', 'Utilities', 'Anime', 'Software', 'Design & Illustration', 'Animation & Modeling', 'NSFW', 'First-Person', 'Indie', 'Memes', 'Cute', 'Action', 'Singleplayer', 'Funny', 'Early Access', 'Photo Editing', 'Sandbox', 'Horror', 'Game Development', 'Gaming']",1406,4005,2048
292030,The Witcher 3: Wild Hunt,740265,['RPG'],"['Open World', 'RPG', 'Story Rich', 'Atmospheric', 'Mature', 'Fantasy', 'Adventure', 'Singleplayer', 'Nudity', 'Choices Matter', 'Great Soundtrack', 'Third Person', 'Medieval', 'Action', 'Multiple Endings', 'Action RPG', 'Dark Fantasy', 'Magic', 'Dark', 'Sandbox']",12278,8609,8192
1245620,ELDEN RING,712713,"['Action', 'RPG']","['Souls-like', 'Open World', 'Dark Fantasy', 'RPG', 'Difficult', 'Action RPG', 'Third Person', 'Multiplayer', 'Fantasy', 'Singleplayer', 'Online Co-Op', 'Action', 'Co-op', 'Atmospheric', 'PvP', 'Great Soundtrack', 'Violent', '3D', 'Family Friendly', 'Character Customization']",12627,8853,12288
2358720,Black Myth: Wukong,707880,"['Action', 'Adventure', 'RPG']","['Mythology', 'Action RPG', 'Action', 'Souls-like', 'RPG', 'Combat', 'Story Rich', 'Singleplayer', 'Drama', 'Action-Adventure', 'Dark Fantasy', 'Atmospheric', 'Adventure', '3D', 'Fantasy', 'Hack and Slash', 'Third Person', 'Difficult', 'Music', 'Violent']",12278,10074,16384
1091500,Cyberpunk 2077,693808,['RPG'],"['Cyberpunk', 'Open World', 'Nudity', 'RPG', 'Singleplayer', 'Sci-fi', 'FPS', 'Futuristic', 'Mature', 'Story Rich', 'First-Person', 'Atmospheric', 'Exploration', 'Action', 'Violent', 'Great Soundtrack', 'Action RPG', 'Adventure', 'Character Customization', 'Immersive Sim']",12278,10074,12288
550,Left 4 Dead 2,674128,['Action'],"['Zombies', 'Co-op', 'FPS', 'Multiplayer', 'Shooter', 'Online Co-Op', 'Action', 'Survival', 'Horror', 'First-Person', 'Gore', 'Team-Based', 'Moddable', 'Survival Horror', 'Post-apocalyptic', 'Singleplayer', 'Adventure', 'Local Co-Op', 'Replay Value', 'Tactical']",875,123,2048
553850,HELLDIVERSEEEE¢ 2,670631,['Action'],"['Online Co-Op', 'PvE', 'Multiplayer', 'Third-Person Shooter', 'Action', 'Shooter', 'Co-op', 'Sci-fi', 'Capitalism', 'Space', 'Extraction Shooter', 'Third Person', 'Comedy', 'Gore', 'Violent', 'Great Soundtrack', 'Difficult', 'Psychological Horror', 'Singleplayer', 'Open World']",9097,15549,8192
413150,Stardew Valley,654458,"['Indie', 'RPG', 'Simulation']","['Farming Sim', 'Pixel Graphics', 'Life Sim', 'Multiplayer', 'RPG', 'Relaxing', 'Agriculture', 'Simulation', 'Crafting', 'Sandbox', 'Indie', 'Building', 'Singleplayer', 'Casual', 'Open World', '2D', 'Cute', 'Dating Sim', 'Great Soundtrack', 'Fishing']",633,123,2048
227300,Euro Truck Simulator 2,632190,"['Indie', 'Simulation']","['Driving', 'Transportation', 'Simulation', 'Open World', 'Automobile Sim', 'Realistic', 'Moddable', 'Relaxing', 'Exploration', 'Immersive Sim', 'Economy', 'Management', 'Atmospheric', 'Multiplayer', 'Controller', 'Family Friendly', 'Third Person', 'Adventure', 'Casual', 'Indie']",17742,9392,12288
945360,Among Us,607719,['Casual'],"['Multiplayer', 'Online Co-Op', 'Social Deduction', 'Space', 'Survival', '2D', 'Funny', 'Psychological', 'Co-op', 'Party Game', 'Cartoony', 'Local Multiplayer', 'Casual', 'Action', 'PvP', 'Sci-fi', 'Minigames', 'Top-Down', 'Colorful', 'Aliens']",3550,1751,4096
1086940,Baldur's Gate 3,590113,"['Adventure', 'RPG', 'Strategy']","['RPG', 'Character Customization', 'Choices Matter', 'Story Rich', 'Turn-Based Combat', 'Dungeons & Dragons', 'CRPG', 'Adventure', 'Fantasy', 'Romance', 'Online Co-Op', 'Sexual Content', 'Multiplayer', 'Strategy', 'Singleplayer', 'Co-op Campaign', 'Class-Based', 'Nudity', 'Dark Fantasy', 'Combat']",6067,9636,8192
739630,Phasmophobia,580832,"['Action', 'Indie', 'Early Access']","['Horror', 'Online Co-Op', 'Multiplayer', 'Psychological Horror', 'Co-op', 'VR', 'Supernatural', 'First-Person', 'Investigation', 'Dark', 'Demons', 'Detective', 'Mystery', '3D', 'Thriller', 'Early Access', 'Indie', 'Action', 'Tactical', 'Singleplayer']",13187,5075,8192
1174180,Red Dead Redemption 2,578403,"['Action', 'Adventure']","['Open World', 'Story Rich', 'Western', 'Adventure', 'Multiplayer', 'Action', 'Realistic', 'Singleplayer', 'Shooter', 'Atmospheric', 'Horses', 'Beautiful', 'Mature', 'Third-Person Shooter', 'Great Soundtrack', 'Third Person', 'Gore', 'Sandbox', 'First-Person', 'FPS']",4212,10074,8192
381210,Dead by Daylight,543209,['Action'],"['Horror', 'Multiplayer', 'Survival Horror', 'Online Co-Op', 'Co-op', 'Survival', 'Gore', 'Team-Based', 'Blood', 'Stealth', 'Third Person', 'Violent', 'First-Person', 'Psychological Horror', 'Action', 'Atmospheric', 'Strategy', 'Comedy', 'Mature', 'Difficult']",4636,3649,8192
346110,ARK: Survival Evolved,529971,"['Action', 'Adventure', 'Indie', 'Massively Multiplayer', 'RPG']","['Open World Survival Craft', 'Survival', 'Multiplayer', 'Open World', 'Dinosaurs', 'Crafting', 'Building', 'Adventure', 'Base Building', 'Co-op', 'Action', 'First-Person', 'Sandbox', 'Massively Multiplayer', 'Singleplayer', 'Early Access', 'RPG', 'Dragons', 'Sci-fi', 'Indie']",5441,5568,8192
242760,The Forest,474479,"['Action', 'Adventure', 'Indie', 'Simulation']","['Open World Survival Craft', 'Survival', 'Open World', 'Horror', 'Crafting', 'Adventure', 'Building', 'Survival Horror', 'First-Person', 'Action', 'Exploration', 'Sandbox', 'Singleplayer', 'Atmospheric', 'Simulation', 'Gore', 'Realistic', 'Indie', 'Zombies', 'Early Access']",2638,3058,4096
252950,Rocket LeagueÂ®,432410,"['Action', 'Indie', 'Racing', 'Sports']","['Multiplayer', 'Football (Soccer)', 'Competitive', 'Sports', 'Racing', 'Team-Based', 'Online Co-Op', 'Football (American)', 'Fast-Paced', 'Co-op', 'Action', 'Funny', 'Great Soundtrack', 'Local Multiplayer', 'Split Screen', 'Local Co-Op', 'Singleplayer', '4 Player Local', 'Casual', 'Indie']",2479,4869,4096
218620,PAYDAY 2,431380,"['Action', 'RPG']","['Co-op', 'Action', 'FPS', 'Heist', 'Multiplayer', 'Looter Shooter', 'Online Co-Op', 'Stealth', 'Crime', 'Shooter', 'Team-Based', 'First-Person', 'Great Soundtrack', 'Gun Customization', 'Tactical', 'PvE', 'Strategy', 'Singleplayer', 'Funny', 'Simulation']",1258,3899,8192
892970,Valheim,399660,"['Action', 'Adventure', 'Indie', 'RPG', 'Early Access']","['Open World Survival Craft', 'Survival', 'Online Co-Op', 'Open World', 'Multiplayer', 'Building', 'Crafting', 'Base Building', 'Exploration', 'Co-op', 'Difficult', 'Adventure', 'Mythology', 'Sandbox', 'PvE', 'Action', 'Third Person', 'Singleplayer', 'Early Access', 'Indie']",2.6 GHz Quad Core or similar,GeForce GTX 950 or Radeon HD 7970,8192
1966720,Lethal Company,353716,"['Action', 'Adventure', 'Indie', 'Early Access']","['Online Co-Op', 'Horror', 'First-Person', 'Co-op', 'Survival Horror', 'Exploration', 'Psychological Horror', 'Funny', 'Sci-fi', 'PvE', 'Atmospheric', 'Procedural Generation', 'Aliens', 'Time Management', 'Adventure', 'Dungeon Crawler', 'Action', 'Early Access', 'Action-Adventure', 'Perma Death']",Intel Core i5-7400 CPU @ 3.00GHz ; Shader Model 5,NVIDIA GForce GTX 1050,6144
322170,Geometry Dash,346108,"['Action', 'Indie']","['Difficult', 'Music', 'Level Editor', 'Great Soundtrack', 'Precision Platformer', '2D', 'Rhythm', 'Singleplayer', 'Colorful', 'Platformer', 'Character Customization', 'Indie', 'Arcade', 'Side Scroller', 'Family Friendly', 'Action', 'Funny', 'Casual', 'Strategy', 'Adventure']",2.0+ GHz,OpenGL 2.0 support,512
620,Portal 2,338329,"['Action', 'Adventure']","['Platformer', 'Puzzle', 'First-Person', 'Dark Humor', 'Story Rich', 'Puzzle Platformer', 'Funny', 'Female Protagonist', '3D Platformer', 'Action-Adventure', 'Action', 'FPS', 'Co-op', 'Physics', 'Sci-fi', 'Level Editor', 'Science', 'Comedy', 'Atmospheric', 'Adventure']","3.0 GHz P4, Dual Core 2.0 (or higher) or AMD64X2 (or higher)",Video card must be 128 MB or more and with support for Pixel Shader 2.0b (ATI Radeon X800 or higher / NVIDIA GeForce 7600 or higher / Intel HD Graphics 2000 or higher).,2048
1938090,Call of DutyÂ®,335337,['Action'],"['FPS', 'Multiplayer', 'Shooter', 'Singleplayer', 'Action', 'Military', 'First-Person', 'War', 'Modern', 'Tactical', 'Violent', 'Co-op', 'Realistic', 'Story Rich', 'Atmospheric', 'Mature', 'Online Co-Op', 'Gore', 'Third-Person Shooter', 'Third Person']",AMD RyzenEEEE¢ 5 1400 or IntelÂ® CoreEEEE¢ i5-6600,"AMD RadeonEEEE¢ RX 470, NVIDIAÂ® GeForceÂ® GTX 960 or IntelÂ® ArcEEEE¢ A580",8192
221100,DayZ,335318,"['Action', 'Adventure', 'Massively Multiplayer']","['Survival', 'Open World', 'Online Co-Op', 'Zombies', 'Multiplayer', 'Post-apocalyptic', 'Shooter', 'PvP', 'Action', 'Massively Multiplayer', 'FPS', 'Horror', 'Co-op', 'Sandbox', 'Survival Horror', 'Simulation', 'Adventure', 'First-Person', 'Atmospheric', 'Choose Your Own Adventure']",Intel Core i5-6600K or AMD R5 1600X,NVIDIA GeForce GTX 1060 or AMD RX 580,12288
367520,Hollow Knight,332297,"['Action', 'Adventure', 'Indie']","['Metroidvania', 'Souls-like', 'Platformer', 'Great Soundtrack', 'Difficult', '2D', 'Indie', 'Singleplayer', 'Atmospheric', 'Exploration', 'Adventure', 'Story Rich', 'Hand-drawn', 'Action', 'Multiple Endings', 'Dark Fantasy', 'Open World', 'Cute', 'Controller', 'Side Scroller']",Intel Core i5,GeForce GTX 560,8192
239140,Dying Light,321169,"['Action', 'RPG']","['Zombies', 'Survival Horror', 'Horror', 'Online Co-Op', 'Open World', 'Parkour', 'First-Person', 'Survival', 'Open World Survival Craft', 'Gore', 'FPS', 'Action', 'PvE', 'Stealth', 'PvP', 'Post-apocalyptic', 'Multiplayer', 'Story Rich', 'Hack and Slash', 'Action RPG']",IntelÂ® CoreEEEE¢ i5-4670K @3.4 GHz / AMD FX-8350 @4.0 GHz,NVIDIAÂ® GeForceÂ® GTX 780 / AMD RadeonEEEE¢ R9 290 (2GB VRAM),8192
322330,Don't Starve Together,319519,"['Action', 'Adventure', 'Indie', 'RPG', 'Simulation', 'Strategy']","['Survival', 'Open World Survival Craft', 'Multiplayer', 'Co-op', 'Open World', 'Adventure', 'Crafting', 'Online Co-Op', 'Sandbox', 'Difficult', 'Indie', '2D', 'Atmospheric', 'Funny', 'Survival Horror', 'Strategy', 'Horror', 'Singleplayer', 'Action', 'Roguelike']",1.7+ GHz or better,Radeon HD5450 or better; 256 MB or higher,1024
1172620,Sea of Thieves: 2024 Edition,294641,"['Action', 'Adventure']","['Multiplayer', 'Open World', 'Adventure', 'Pirates', 'Co-op', 'Online Co-Op', 'Action', 'PvP', 'Sailing', 'First-Person', 'Exploration', 'Naval', 'PvE', 'Funny', 'Massively Multiplayer', 'FPS', 'Atmospheric', 'Great Soundtrack', 'Swordplay', 'Singleplayer']",Intel Q9450 @ 2.6GHz - AMD Phenom II X6 @ 3.3 GHz,Nvidia GeForce GTX 650 - AMD Radeon 7750 - Intel A310,4096
960090,Bloons TD 6,292272,['Strategy'],"['Tower Defense', 'Strategy', 'Multiplayer', 'Singleplayer', 'Online Co-Op', 'Co-op', 'Family Friendly', 'Casual', '3D', 'Cartoony', 'Sandbox', '2D', 'Great Soundtrack', 'Difficult', 'Touch-Friendly', 'Funny', 'Cute', 'Addictive', 'Survival', 'Action']",1.5Ghz or better (x86-64),"OpenGL 2.0 compatible, ATI, Nvidia or Intel HD",4096
582010,Monster Hunter: World,283373,['Action'],"['Co-op', 'Multiplayer', 'Action', 'Open World', 'RPG', 'Character Customization', 'Third Person', 'Adventure', 'Fantasy', 'Difficult', 'Action RPG', 'Singleplayer', 'Exploration', 'Great Soundtrack', 'Replay Value', 'Atmospheric', 'Hack and Slash', 'JRPG', 'MMORPG', 'Souls-like']",IntelÂ® CoreEEEE¢ i5 4460 or CoreEEEE¢ i3 9100F or AMD FXEEEE¢-6300 or RyzenEEEE¢ 3 3200G,NVIDIAÂ®GeForceÂ®GTX 760 or GTX1050 or AMD RadeonEEEE¢ R7 260x or RX 560,8192
1623730,Palworld,278108,"['Action', 'Adventure', 'Indie', 'RPG', 'Early Access']","['Open World', 'Survival', 'Creature Collector', 'Multiplayer', 'Open World Survival Craft', 'Crafting', 'Co-op', 'Adventure', 'Sandbox', 'Third-Person Shooter', 'Automation', 'Action', 'RPG', 'Early Access', 'Anime', 'PvE', '3D', 'Indie', 'Looter Shooter', 'Hack and Slash']",i5-3570K 3.4 GHz 4 Core,GeForce GTX 1050 (2GB),16384
648800,Raft,277431,"['Adventure', 'Indie', 'Simulation']","['Survival', 'Multiplayer', 'Open World Survival Craft', 'Co-op', 'Crafting', 'Open World', 'Building', 'Base Building', 'Online Co-Op', 'Adventure', 'Sandbox', 'First-Person', 'Singleplayer', 'Underwater', 'Early Access', 'Simulation', 'Action', 'Indie', 'Strategy', 'Massively Multiplayer']",Intel Core i5 2.6GHz or similar,GeForce GTX 700 series or similar,6144
250900,The Binding of Isaac: Rebirth,273219,['Action'],"['Action Roguelike', 'Roguelike', 'Indie', 'Replay Value', 'Difficult', 'Pixel Graphics', 'Dungeon Crawler', 'Great Soundtrack', 'Singleplayer', 'Dark', '2D', 'Local Co-Op', 'Remake', 'Gore', 'Procedural Generation', 'Roguelite', 'Atmospheric', 'Co-op', 'Action', 'Horror']",2.4 GHz Quad Core 2.0 (or higher),"Intel HD Graphics 4000 and higher, ATI Radeon HD-Series 4650 and higher, Nvidia GeForce 2xx-Series and up",8192
264710,Subnautica,257807,"['Adventure', 'Indie']","['Open World Survival Craft', 'Survival', 'Horror', 'Open World', 'Underwater', 'Exploration', 'Crafting', 'Base Building', 'Singleplayer', 'Adventure', 'First-Person', 'Sci-fi', 'Sandbox', 'Atmospheric', 'Aliens', 'Multiplayer', 'Survival Horror', 'VR', 'Action', 'Indie']",Intel Haswell 2 cores / 4 threads @ 2.5Ghz or equivalent,Intel HD 4600 or equivalent - This includes most GPUs scoring greater than 950 points in the 3DMark Fire Strike benchmark,4096
284160,BeamNG.drive,255198,"['Racing', 'Simulation', 'Early Access']","['Simulation', 'Driving', 'Physics', 'Realistic', 'Destruction', 'Automobile Sim', 'Open World', 'Sandbox', 'Racing', 'Moddable', 'Multiplayer', 'Singleplayer', 'Early Access', 'First-Person', 'Third Person', 'Exploration', 'Funny', 'Action', 'Adventure', 'Flight']",AMD FX 6300 3.5Ghz / Intel Core i3-6300 3.8Ghz,Radeon HD 7750 / Nvidia GeForce GTX 550 Ti,16384
374320,DARK SOULSEEEE¢ III,251472,['Action'],"['Souls-like', 'Dark Fantasy', 'Difficult', 'RPG', 'Atmospheric', 'Lore-Rich', 'Third Person', 'Exploration', 'Story Rich', 'Action RPG', 'Co-op', 'Great Soundtrack', 'Adventure', 'Action', 'Multiplayer', 'PvP', 'Open World', 'Singleplayer', 'Character Customization', 'Replay Value']",Intel Core i7-3770 / AMDÂ® FX-8350,NVIDIAÂ® GeForce GTX 970 / ATI Radeon R9 series,8192
377160,Fallout 4,251164,['RPG'],"['Open World', 'Post-apocalyptic', 'Singleplayer', 'Exploration', 'RPG', 'Adventure', 'Atmospheric', 'Shooter', 'First-Person', 'Story Rich', 'Action', 'Sci-fi', 'FPS', 'Action RPG', 'Sandbox', 'Great Soundtrack', 'Third Person', 'Survival', 'Third-Person Shooter', 'Character Customization']",Intel Core i5-2300 2.8 GHz/AMD Phenom II X4 945 3.0 GHz or equivalent,NVIDIA GTX 550 Ti 2GB/AMD Radeon HD 7870 2GB or equivalent,8192
548430,Deep Rock Galactic,249916,['Action'],"['Dwarf', 'Co-op', 'PvE', 'FPS', 'Procedural Generation', 'Class-Based', 'Shooter', 'Exploration', 'First-Person', 'Loot', 'Sci-fi', 'Space', 'Action', 'Atmospheric', 'Looter Shooter', 'Combat', 'Survival', 'Horror', 'Dark', 'Action Roguelike']","Intel i5, 3rd gen (or equivalent)",NVIDIA GeForce GTX 660 or AMD Radeon HD 7870,6144
1145360,Hades,248076,"['Action', 'Indie', 'RPG']","['Action Roguelike', 'Roguelite', 'Hack and Slash', 'Indie', 'Mythology', 'Action', 'Roguelike', 'Singleplayer', 'Great Soundtrack', 'RPG', 'Story Rich', 'Dungeon Crawler', 'Replay Value', 'Isometric', 'Difficult', 'Action RPG', 'Hand-drawn', 'Atmospheric', 'Perma Death', 'Souls-like']",Dual Core 3.0 GHz+,2GB VRAM / DirectX 10+ support,8192
108600,Project Zomboid,246934,"['Indie', 'RPG', 'Simulation', 'Early Access']","['Survival', 'Zombies', 'Open World', 'Multiplayer', 'Open World Survival Craft', 'Sandbox', 'Post-apocalyptic', 'Co-op', 'Crafting', 'Building', 'Indie', 'Simulation', 'RPG', 'Survival Horror', 'Realistic', 'Isometric', 'Singleplayer', '2D', 'Adventure', 'Early Access']",Intel 2.77GHz Quad-core,"Dedicated graphics card with 2 GB of RAM minimum, OpenGL 2.1 and GLSL 1.2 support (generally 2012 or newer)",8192
1118200,People Playground,245552,"['Action', 'Casual', 'Indie', 'Simulation']","['Sandbox', 'Gore', 'Physics', 'Blood', 'Moddable', 'Violent', '2D', 'Singleplayer', 'Destruction', 'Simulation', 'Funny', 'Building', 'Pixel Graphics', 'Psychological Horror', 'Indie', 'Action', 'Casual', 'Horror', 'Comedy', 'Choose Your Own Adventure']",3 GHz,Graphics card with DX10 (shader model 4.0) capabilities,8192
275850,No Man's Sky,243128,"['Action', 'Adventure']","['Open World', 'Open World Survival Craft', 'Space', 'Exploration', 'Sci-fi', 'Survival', 'Procedural Generation', 'Adventure', 'First-Person', 'Sandbox', 'Multiplayer', 'Singleplayer', 'Atmospheric', 'Crafting', 'Space Sim', 'Indie', 'Action', 'Simulation', 'FPS', 'VR']",Intel Core i3,"Nvidia GTX 1060 3GB, AMD RX 470 4GB, Intel UHD graphics 630",8192
1063730,New World: Aeternum,241779,"['Action', 'Adventure', 'Massively Multiplayer', 'RPG']","['Open World', 'Massively Multiplayer', 'MMORPG', 'RPG', 'Adventure', 'Action', 'PvP', 'PvE', 'Multiplayer', 'Fantasy', 'Character Customization', 'Walking Simulator', 'Crafting', 'Third Person', 'Co-op', 'Open World Survival Craft', 'Sandbox', 'Violent', 'Sexual Content', 'Singleplayer']",IntelÂ® Core i5-10500 @ 3.10GHz / AMD Ryzen 3 3300X,NVIDIA GTX 1060 3 GB / AMD Radeon RX 590,8192
289070,Sid MeierEEEEs CivilizationÂ® VI,239700,['Strategy'],"['Strategy', 'Turn-Based Strategy', 'Multiplayer', 'Historical', 'Singleplayer', 'Grand Strategy', 'Turn-Based', '4X', 'War', 'Simulation', 'City Builder', 'Tactical', 'Management', 'Building', 'Great Soundtrack', 'Online Co-Op', 'Moddable', 'Co-op', 'Hex Grid', 'Atmospheric']",Intel Core i3 2.5 Ghz or AMD Phenom II 2.6 Ghz or greater,1 GB & AMD 5570 or nVidia 450 or Intel Integrated Graphics 530,4096
1293830,Forza Horizon 4,235895,['Racing'],"['Racing', 'Open World', 'Driving', 'Multiplayer', 'Automobile Sim', 'Online Co-Op', 'Realistic', 'Singleplayer', 'Controller', 'Simulation', 'PvP', 'Adventure', 'Arcade', 'Exploration', 'Atmospheric', 'Action', 'Sports', 'Great Soundtrack', 'First-Person', 'Funny']",Intel i3-4170 @ 3.7Ghz OR Intel i5 750 @ 2.67Ghz,NVidia 650TI OR AMD R7 250x,8192
251570,7 Days to Die,233577,"['Action', 'Adventure', 'Indie', 'RPG', 'Simulation', 'Strategy']","['Survival', 'Zombies', 'Multiplayer', 'Open World', 'Open World Survival Craft', 'Base Building', 'Voxel', 'Post-apocalyptic', 'Online Co-Op', 'Building', 'Exploration', 'Sandbox', 'FPS', 'Simulation', 'Character Customization', 'Tower Defense', 'Action', 'Strategy', 'Procedural Generation', 'Horror']",2.8 Ghz Quad Core CPU,2 GB Dedicated Memory,8192
1794680,Vampire Survivors,224327,"['Action', 'Casual', 'Indie', 'RPG']","['Action Roguelike', 'Bullet Hell', 'Pixel Graphics', 'Roguelite', '2D', 'Vampire', 'Indie', 'Singleplayer', 'Casual', 'Arcade', 'Action', 'Roguelike', 'RPG', 'Controller', 'Retro', 'Score Attack', 'Dark Fantasy', 'Action RPG', 'Local Co-Op', '1980s']",x64 architecture with SSE2 instruction set support,"DX11, DX12 capable",1024
394360,Hearts of Iron IV,220959,"['Simulation', 'Strategy']","['Strategy', 'World War II', 'Grand Strategy', 'War', 'Historical', 'Military', 'Alternate History', 'Multiplayer', 'Simulation', 'Tactical', 'Real-Time with Pause', 'Singleplayer', 'RTS', 'Diplomacy', 'Sandbox', 'Co-op', 'Strategy RPG', 'Competitive', 'Open World', 'Action']",IntelÂ® CoreEEEE¢ i5 2500K | AMDÂ® Ryzen 3 2200G,NvidiaÂ® GeForceEEEE¢ GTX 570 (1.28GB) | AMDÂ® RadeonEEEE¢ HD 7970 (3GB) | Intel Iris Xe G7 (Tiger Lake),6144
814380,SekiroEEEE¢: Shadows Die Twice - GOTY Edition,219721,"['Action', 'Adventure']","['Souls-like', 'Difficult', 'Action', 'Singleplayer', 'Ninja', 'Stealth', 'Adventure', 'Third Person', 'Open World', 'Story Rich', 'Violent', 'Atmospheric', 'Assassin', 'Dark Fantasy', 'Hack and Slash', 'RPG', 'Gore', 'Great Soundtrack', 'Rhythm', 'Dark']",Intel Core i5-2500K | AMD Ryzen 5 1400,NVIDIA GeForce GTX 970 | AMD Radeon RX 570,8192
1517290,BattlefieldEEEE¢ 2042,215105,"['Action', 'Adventure', 'Casual']","['FPS', 'Shooter', 'Multiplayer', 'Military', 'War', 'Singleplayer', 'Action', 'First-Person', 'Combat', 'Team-Based', 'PvP', 'Futuristic', 'Vehicular Combat', 'Modern', 'Destruction', 'Physics', 'Cinematic', 'Adventure', 'Hero Shooter', 'Casual']","AMD Ryzen 5 1600, Core i5 6600K","AMD Radeon RX 560,Nvidia GeForce GTX 1050 Ti",8192
391540,Undertale,214211,"['Indie', 'RPG']","['Great Soundtrack', 'Story Rich', 'Choices Matter', 'Multiple Endings', 'Pixel Graphics', 'Funny', 'RPG', 'Singleplayer', 'Indie', 'Comedy', '2D', 'Replay Value', 'Bullet Hell', 'Cute', 'Memes', 'Retro', 'Dark', 'Psychological Horror', 'Dating Sim', 'Horror']",2GHz+,512MB,3072
976730,Halo: The Master Chief Collection,211793,['Action'],"['Great Soundtrack', 'FPS', 'Classic', 'Multiplayer', 'Story Rich', 'Sci-fi', 'Co-op', 'First-Person', 'Epic', 'Shooter', 'Action', 'Singleplayer', 'Aliens', 'Lore-Rich', 'Beautiful', 'Space', 'Atmospheric', 'Adventure', 'Horror', 'Online Co-Op']",AMD Phenom II X4 960T ; Intel i3550,AMD HD 6850 ; NVIDIA GeForce GTS 450,8192
107410,Arma 3,209303,"['Action', 'Simulation', 'Strategy']","['Military', 'Action', 'Multiplayer', 'Shooter', 'Simulation', 'Realistic', 'First-Person', 'Open World', 'Tactical', 'FPS', 'War', 'Co-op', 'Strategy', 'Sandbox', 'Singleplayer', 'Moddable', 'Combat', 'Online Co-Op', 'Team-Based', 'Third-Person Shooter']",Intel Core i5-4460 or AMD FX 4300 or better,NVIDIA GeForce GTX 660 / AMD Radeon HD 7800 Series with 2 GB VRAM,8192
1237970,TitanfallÂ® 2,207997,['Action'],"['FPS', 'Mechs', 'Multiplayer', 'Shooter', 'Singleplayer', 'Action', 'Parkour', 'Sci-fi', 'First-Person', 'Futuristic', 'PvP', 'Combat', 'Military', 'Fast-Paced', 'Team-Based', 'Time Travel', 'Hero Shooter', 'Violent', 'Co-op', 'Gore']",Intel Core i3-6300t or equivalent [4 or more hardware threads],NVIDIA Geforce GTX 660 2GB or AMD Radeon HD 7850 2GB,8192
990080,Hogwarts Legacy,205056,"['Action', 'Adventure', 'RPG']","['Magic', 'Fantasy', 'Open World', 'Singleplayer', 'Adventure', 'RPG', 'Character Customization', 'Exploration', 'Story Rich', 'Third Person', 'Action-Adventure', 'Atmospheric', 'Action RPG', 'Action', 'Combat', 'Choices Matter', 'Puzzle', 'Great Soundtrack', 'Dark', 'Family Friendly']",Intel Core i5-6600 (3.3Ghz) or AMD Ryzen 5 1400 (3.2Ghz),NVIDIA GeForce GTX 960 4GB or AMD Radeon RX 470 4GB,16384
632360,Risk of Rain 2,199865,"['Action', 'Indie']","['Third-Person Shooter', 'Action Roguelike', 'Multiplayer', 'Co-op', 'Action', 'Roguelite', 'Roguelike', 'Looter Shooter', 'Loot', 'Online Co-Op', 'Shooter', 'Difficult', 'Great Soundtrack', 'Third Person', 'Indie', 'Survival', 'Singleplayer', 'Soundtrack', 'Early Access', 'Bullet Hell']",Intel Core i3-6100 / AMD FX-8350,GTX 580 / AMD HD 7870,4096
1238810,BattlefieldEEEE¢ V,199302,['Action'],"['FPS', 'Multiplayer', 'World War II', 'Singleplayer', 'Shooter', 'War', 'Military', 'First-Person', 'Massively Multiplayer', 'PvP', 'Combat', 'Open World', 'Action', 'Historical', 'Destruction', 'Battle Royale', 'Atmospheric', 'Violent', 'Sexual Content', 'Female Protagonist']",AMD FX-8350/ Core i5 6600K,NVIDIA GeForceÂ® GTX 1050 / NVIDIA GeForceÂ® GTX 660 2GB or AMD RadeonEEEE¢ RX 560 / HD 7850 2GB,8192
49520,Borderlands 2,197214,"['Action', 'RPG']","['Loot', 'Shooter', 'Action', 'Multiplayer', 'Co-op', 'Looter Shooter', 'FPS', 'RPG', 'First-Person', 'Funny', 'Comedy', 'Open World', 'Combat', 'Online Co-Op', 'Adventure', 'Action RPG', 'Dark Humor', 'Singleplayer', 'Memes', 'Sci-fi']",2.3 GHz Quad Core processor,NVIDIA GeForce GTX 560 / ATI Radeon HD 5850,2048
261550,Mount & Blade II: Bannerlord,195896,"['Action', 'Indie', 'RPG', 'Simulation', 'Strategy']","['Medieval', 'Strategy', 'Open World', 'RPG', 'War', 'Sandbox', 'Multiplayer', 'Singleplayer', 'Action', 'Character Customization', 'Simulation', 'Moddable', 'Adventure', 'Horses', 'Realistic', 'Third Person', 'First-Person', 'Historical', 'Great Soundtrack', 'Early Access']",IntelÂ® CoreEEEE¢ i3-8100 / AMD RyzenEEEE¢ 3 1200,IntelÂ® UHD Graphics 630 / NVIDIAÂ® GeForceÂ® GTX 660 2GB / AMD RadeonEEEE¢ HD 7850 2GB,6144
255710,Cities: Skylines,194475,"['Simulation', 'Strategy']","['City Builder', 'Simulation', 'Building', 'Management', 'Strategy', 'Sandbox', 'Singleplayer', 'Moddable', 'Economy', 'Resource Management', 'Mod', 'Realistic', 'Replay Value', 'Casual', 'Modern', 'Real-Time with Pause', 'Family Friendly', 'Great Soundtrack', 'Funny', 'Action']",IntelÂ® CoreEEEE¢ I7 930  |  AMDÂ® FX 6350,NvidiaÂ® GeForceEEEE¢ GTS 450 (1 GB) |  AMDÂ® R7 250 (2 GB)  |  Intel Iris Xe G7 (Tiger Lake),8192
1203220,NARAKA: BLADEPOINT,191830,"['Action', 'Adventure', 'Massively Multiplayer']","['Battle Royale', 'Multiplayer', 'Martial Arts', 'PvP', 'Action', 'Female Protagonist', 'Character Customization', 'Massively Multiplayer', 'Fighting', 'Survival', 'Third Person', 'Mature', 'Swordplay', 'Hack and Slash', 'Anime', 'Parkour', 'Adventure', 'Free to Play', 'Violent', 'Gore']",Intel i7 7th generation or equivalent,"NVIDIA GeForce GTX 1060 6G, Intel Arc A750, AMD RX480 or equivalent",16384
1468810,EE¬¼EE°·EEEE«EEEEEE Tale of Immortal,189532,"['Action', 'Adventure', 'Indie', 'RPG', 'Simulation']","['Management', 'Singleplayer', 'Simulation', 'Mythology', 'Tactical RPG', 'Sandbox', 'RPG', 'Choose Your Own Adventure', 'Dating Sim', 'Action', 'Adventure', 'Exploration', 'Hack and Slash', '2D', 'Story Rich', 'Action RPG', 'Procedural Generation', 'Action-Adventure', 'Hand-drawn', 'Strategy RPG']",2.50GHz,HD4400,4096
1326470,Sons Of The Forest,184481,"['Action', 'Adventure', 'Indie', 'Simulation']","['Survival', 'Open World', 'Multiplayer', 'Co-op', 'Survival Horror', 'Base Building', 'Horror', 'Crafting', 'First-Person', 'Exploration', 'Building', 'Adventure', 'Singleplayer', 'Atmospheric', 'Action-Adventure', 'Sandbox', 'Action', 'Simulation', 'Immersive Sim', 'Early Access']",INTEL CORE I5-8400 or AMD RYZEN 3 3300X,NVIDIA GeForce GTX 1060 3GB or AMD Radeon RX 570 4GB,12288
594650,Hunt: Showdown 1896,181180,['Action'],"['Open World', 'Extraction Shooter', 'Atmospheric', 'Multiplayer', 'Tactical', 'FPS', 'Perma Death', 'Western', 'PvP', 'Shooter', 'Horror', 'Online Co-Op', 'Survival Horror', 'Co-op', 'Difficult', 'Battle Royale', 'Team-Based', 'Action', 'Gore', 'Zombies']",Intel CPU 7th Gen 7700 / AMD Ryzen 5 2600,"NVIDIA GTX 1650 Super or AMD Radeon RX 5500 XT, with a minimum of 4GB of VRAM",8192
72850,The Elder Scrolls V: Skyrim,181015,['RPG'],"['Open World', 'RPG', 'Fantasy', 'Adventure', 'Dragons', 'Moddable', 'First-Person', 'Action', 'Medieval', 'Singleplayer', 'Magic', 'Story Rich', 'Great Soundtrack', 'Sandbox', 'Lore-Rich', 'Atmospheric', 'Character Customization', 'Action RPG', 'Third Person', 'Epic']",Quad-core Intel or AMD CPU,DirectX 9.0c compatible NVIDIA or AMD ATI video card with 1GB of RAM (Nvidia GeForce GTX 260 or higher; ATI Radeon 4890 or higher),4096
1551360,Forza Horizon 5,179916,"['Action', 'Adventure', 'Racing', 'Simulation', 'Sports']","['Racing', 'Open World', 'Driving', 'Multiplayer', 'Automobile Sim', 'Realistic', 'Simulation', 'Adventure', 'Arcade', 'Exploration', 'First-Person', 'Co-op', 'PvP', 'Sports', 'Atmospheric', 'Online Co-Op', 'Singleplayer', 'Beautiful', 'VR', 'Action']",Intel i5-4460 or AMD Ryzen 3 1200,"NVidia GTX 970, AMD RX 470, OR Intel Arc A380",8192
22380,Fallout: New Vegas,174633,"['Action', 'RPG']","['Open World', 'RPG', 'Post-apocalyptic', 'Singleplayer', 'Moddable', 'Story Rich', 'Exploration', 'First-Person', 'Action', 'Adventure', 'FPS', 'Sci-fi', 'Western', 'Atmospheric', 'Action RPG', 'Character Customization', 'Survival', 'Sandbox', 'Shooter', 'Third Person']",Dual Core 2.0GHz,"NVIDIA GeForce 6 series, ATI 1300XT series",2048
782330,DOOM Eternal,169914,['Action'],"['FPS', 'Action', 'Great Soundtrack', 'Gore', 'Fast-Paced', 'Violent', 'Demons', 'Shooter', 'First-Person', 'Singleplayer', 'Blood', 'Multiplayer', 'Sci-fi', 'Post-apocalyptic', 'Atmospheric', 'Mature', 'Story Rich', 'Difficult', 'Adventure', 'Horror']","Intel Core i5 @ 3.3 GHz or better, or AMD Ryzen 3 @ 3.1 GHz or better","NVIDIA GeForce GTX 1050Ti (4GB), GTX 1060 (3GB), GTX 1650 (4GB) or AMD Radeon R9 280(3GB), AMD Radeon R9 290 (4GB), RX 470 (4GB)",8192
489830,The Elder Scrolls V: Skyrim Special Edition,169694,['RPG'],"['Open World', 'RPG', 'Adventure', 'Singleplayer', 'Fantasy', 'Character Customization', 'Moddable', 'Dragons', 'Story Rich', 'Magic', 'First-Person', 'Action', 'Atmospheric', 'Great Soundtrack', 'Third Person', 'Stealth', 'Classic', 'Remake', 'Female Protagonist', 'Walking Simulator']",Intel i5-2400/AMD FX-8320,NVIDIA GTX 780 3GB /AMD R9 290 4GB,8192
294100,RimWorld,165200,"['Indie', 'Simulation', 'Strategy']","['Colony Sim', 'Base Building', 'Survival', 'Strategy', 'Sandbox', 'Management', 'Building', 'Simulation', 'Singleplayer', 'Moddable', 'City Builder', 'Open World', 'Procedural Generation', '2D', 'Sci-fi', 'Indie', 'Space', 'Tactical RPG', 'Cartoony', 'Western']",Core 2 Duo,Intel HD Graphics 4000 or other shader model 4.0,4096
526870,Satisfactory,163271,"['Adventure', 'Indie', 'Simulation', 'Strategy']","['Base Building', 'Automation', 'Open World', 'Multiplayer', 'Crafting', 'Co-op', 'Resource Management', 'Building', 'Sandbox', 'Exploration', 'Adventure', 'Open World Survival Craft', 'Survival', 'Simulation', 'First-Person', 'Strategy', 'Early Access', 'Sci-fi', 'Singleplayer', 'Indie']",i5-3570 3.4 GHz 4 Core,"Nvidia GTX 1650/GTX 1050-ti, or AMD RX 470/RX 570, or equivalent performance & VRAM",8192
435150,Divinity: Original Sin 2 - Definitive Edition,160119,"['Adventure', 'RPG', 'Strategy']","['Tactical RPG', 'RPG', 'Turn-Based Strategy', 'Story Rich', 'Fantasy', 'Character Customization', 'CRPG', 'Exploration', 'Party-Based RPG', 'Strategy RPG', 'PvP', 'Female Protagonist', 'Co-op Campaign', 'Local Co-Op', 'Choices Matter', 'Isometric', 'Romance', 'Strategy', 'Moddable', 'Funny']",Intel Core i5 or equivalent,NVIDIAÂ® GeForceÂ® GTX 550 or ATIEEEE¢ RadeonEEEE¢ HD 6XXX or higher,4096
220,Half-Life 2,159918,['Action'],"['FPS', 'Action', 'Sci-fi', 'Classic', 'Singleplayer', 'Story Rich', 'Shooter', 'First-Person', 'Adventure', 'Dystopian', 'Atmospheric', 'Zombies', 'Silent Protagonist', 'Physics', 'Aliens', 'Great Soundtrack', 'Horror', 'Multiplayer', 'Puzzle', 'Moddable']",1.7 Ghz,DirectX 8.1 level Graphics Card (requires support for SSE),512
477160,Human Fall Flat,157492,"['Adventure', 'Casual', 'Indie', 'Simulation']","['Co-op', 'Funny', 'Puzzle', 'Adventure', 'Physics', 'Sandbox', 'Puzzle Platformer', 'Action', 'Multiplayer', 'Open World', 'Local Co-Op', 'Indie', 'Local Multiplayer', 'Comedy', 'Parkour', 'Casual', 'Split Screen', '3D Platformer', 'Singleplayer', 'Simulation']",Intel Core2 Quad Q9300 (4 * 2500) or equivalent | AMD A10-5800K APU (4*3800) or equivalent,GeForce GTX 460 (1024 MB) or equivalent | Radeon HD 7770 (1024 MB),2048
427520,Factorio,156221,"['Casual', 'Indie', 'Simulation', 'Strategy']","['Automation', 'Base Building', 'Resource Management', 'Sandbox', 'Crafting', 'Strategy', 'Multiplayer', 'Survival', 'Management', 'Open World', 'Building', 'Co-op', '2D', 'Moddable', 'Singleplayer', 'Trains', 'Simulation', 'Pixel Graphics', 'City Builder', 'Indie']",Quad core 4Ghz+ from 2020 or newer,"DirectX 11 capable GPU with 4 GB VRAM - GeForce GTX 1050 Ti, Radeon RX 570, Intel Arc",16384
1144200,Ready or Not,153390,"['Action', 'Adventure', 'Indie']","['Tactical', 'Realistic', 'FPS', 'Shooter', 'Multiplayer', 'Co-op', 'Singleplayer', 'Horror', 'First-Person', 'Action', 'Violent', 'Gun Customization', 'Combat', 'Crime', 'Gore', 'Modern', 'Atmospheric', 'Psychological Horror', 'America', 'Co-op Campaign']",Intel Core i5-4430 / AMD FX-6300,NVIDIA GeForce GTX 960 2GB / AMD Radeon R7 370 2GB,8192
10,Counter-Strike,153259,['Action'],"['Action', 'FPS', 'Multiplayer', 'Shooter', 'Classic', 'Team-Based', 'First-Person', 'Competitive', 'Tactical', ""1990's"", 'eSports', 'PvP', 'Old School', 'Military', 'Strategy', 'Survival', 'Score Attack', '1980s', 'Assassin', 'Nostalgia']",Not Available,Not Available,128
1426210,It Takes Two,152465,"['Action', 'Adventure']","['Co-op', 'Multiplayer', 'Split Screen', 'Local Co-Op', 'Puzzle', 'Online Co-Op', 'Adventure', 'Story Rich', 'Co-op Campaign', 'Local Multiplayer', 'Puzzle Platformer', 'Action-Adventure', '3D Platformer', 'Emotional', 'Platformer', 'Action', 'Exploration', 'Atmospheric', 'Minigames', 'Female Protagonist']",Intel Core i3-2100T or AMD FX 6100,Nvidia GeForce GTX 660 or AMD R7 260x,8192
268910,Cuphead,152290,"['Action', 'Indie']","['Difficult', 'Cartoon', 'Co-op', 'Platformer', 'Great Soundtrack', 'Local Co-Op', '2D', 'Hand-drawn', 'Multiplayer', 'Indie', 'Retro', 'Cartoony', 'Bullet Hell', 'Action', ""Shoot 'Em Up"", 'Singleplayer', 'Side Scroller', 'Colorful', 'Funny', 'Souls-like']","Intel Core2 Duo E8400, 3.0GHz or AMD Athlon 64 X2 6000+, 3.0GHz or higher",Geforce 9600 GT or AMD HD 3870 512MB or higher,3072
203160,Tomb Raider,147822,"['Action', 'Adventure']","['Adventure', 'Action', 'Female Protagonist', 'Third Person', 'Singleplayer', 'Story Rich', 'Third-Person Shooter', 'Multiplayer', 'Exploration', 'Action-Adventure', 'Quick-Time Events', 'Atmospheric', 'Shooter', 'Puzzle', 'Stealth', 'Cinematic', 'Platformer', 'RPG', 'Reboot', '3D Vision']","Quad core CPU: AMD Phenom II X4 955, Intel Core i5-750","DirectX 11 graphics card with 1GB Video RAM: AMD Radeon HD 5870, nVidia GTX 480",4096
552520,Far CryÂ® 5,146637,"['Action', 'Adventure']","['Action-Adventure', 'Open World', 'Multiplayer', 'Co-op', 'FPS', 'Shooter', 'Exploration', 'Realistic', 'Story Rich', 'First-Person', 'America', 'Hunting', 'Action', 'Adventure', '3D', 'Stealth', 'Survival', 'Nature', 'Atmospheric', 'Psychedelic']",Intel Core i5-2400 @ 3.1 GHz or AMD FX-6300 @ 3.5 GHz or equivalent,NVIDIA GeForce GTX 670 or AMD R9 270 (2GB VRAM with Shader Model 5.0 or better),8192
812140,Assassin's CreedÂ® Odyssey,144904,"['Action', 'Adventure', 'RPG']","['Open World', 'RPG', 'Singleplayer', 'Historical', 'Action', 'Assassin', 'Third Person', 'Adventure', 'Mythology', 'Stealth', 'Multiple Endings', 'Story Rich', 'Female Protagonist', 'Parkour', 'Choices Matter', 'Exploration', 'Action RPG', 'Multiplayer', 'Action-Adventure', 'Choose Your Own Adventure']","AMD FX 6300 @ 3.8 GHz, Ryzen 3 - 1200, Intel Core i5 2400 @ 3.1 GHz (MORE DETAILS HERE)","AMD Radeon R9 285, NVIDIA GeForce GTX 660 (2GB VRAM with Shader Model 5.0) (MORE DETAILS HERE)",8192
433850,Z1 Battle Royale,144601,"['Action', 'Adventure', 'Free To Play', 'Massively Multiplayer']","['Survival', 'Massively Multiplayer', 'Multiplayer', 'Open World', 'Battle Royale', 'PvP', 'FPS', 'Action', 'Shooter', 'Free to Play', 'Third-Person Shooter', 'Zombies', 'Co-op', 'Early Access', 'Online Co-Op', 'Adventure', 'First-Person', 'Violent', 'Gore', 'Walking Simulator']",Intel Core i5-6600K / AMD Ryzen 5 1600,NVIDIA GeForce GTX 960 2GB / AMD Radeon R7 370 2GB or higher,8192
646570,Slay the Spire,143611,"['Indie', 'Strategy']","['Roguelike Deckbuilder', 'Card Game', 'Card Battler', 'Roguelike', 'Deckbuilding', 'Turn-Based', 'Strategy', 'Singleplayer', 'Roguelite', 'Replay Value', 'Indie', 'Difficult', 'Dungeon Crawler', 'RPG', 'Mouse only', '2D', 'Great Soundtrack', 'Procedural Generation', 'Fantasy', 'Casual']",2.0 Ghz,"1Gb Video Memory, capable of OpenGL 3.0+ support (2.1 with ARB extensions acceptable)",2048
400,Portal,142984,['Action'],"['Puzzle', 'Puzzle Platformer', 'First-Person', '3D Platformer', 'Singleplayer', 'Sci-fi', 'Comedy', 'Female Protagonist', 'Physics', 'Funny', 'Action', 'Classic', 'Story Rich', 'Platformer', 'Science', 'Atmospheric', 'Dark Humor', 'Short', 'FPS', 'Adventure']",Not Available,Not Available,1024
12210,Grand Theft Auto IV: The Complete Edition,141743,"['Action', 'Adventure']","['Open World', 'Action', 'Automobile Sim', 'Multiplayer', 'Crime', 'Third Person', 'Adventure', 'Singleplayer', 'Third-Person Shooter', 'Sandbox', 'Moddable', 'Shooter', 'Physics', 'Atmospheric', 'Classic', 'Funny', 'Dark Humor', 'Gore', 'Satire', 'Co-op']","Intel Core 2 Duo 1.8GHz, AMD Athlon X2 64 2.4GHz",256MB Nvidia 7900 / 256MB ATI X1900,1536
393380,Squad,140781,"['Action', 'Indie', 'Massively Multiplayer', 'Strategy']","['Military', 'Realistic', 'FPS', 'Multiplayer', 'Tactical', 'Shooter', 'Team-Based', 'War', 'First-Person', 'Action', 'Massively Multiplayer', 'Strategy', 'Modern', 'Simulation', 'Wargame', 'Base Building', 'Open World', 'Immersive Sim', 'Atmospheric', 'PvP']",Intel Core i or AMD Ryzen with 4 physical cores,Geforce GTX 960 or AMD Radeon HD 7970 with at least 4 GB of VRAM,8192
1238840,BattlefieldEEEE¢ 1,139124,"['Action', 'Massively Multiplayer']","['FPS', 'Multiplayer', 'World War I', 'Singleplayer', 'War', 'Shooter', 'Action', 'First-Person', 'Historical', 'Atmospheric', 'PvP', 'Massively Multiplayer', 'Gore', 'Destruction', 'Tanks', 'Open World', 'Violent', 'Physics', 'Mature', 'Great Soundtrack']",Processor (AMD): AMD FX-6350 Processor (Intel): Intel Core i5 6600K,Graphics card (AMD): AMD RadeonEEEE¢ HD 7850 2GB Graphics card (NVIDIA): NVIDIA GeForceÂ® GTX 660 2GB,8192
518790,theHunter: Call of the WildEEEE¢,136924,"['Adventure', 'Simulation', 'Sports']","['Hunting', 'Open World', 'Multiplayer', 'Nature', 'Relaxing', 'Stealth', 'FPS', 'Sandbox', 'Survival', 'Simulation', 'Realistic', 'Online Co-Op', 'First-Person', 'Co-op', 'America', 'Walking Simulator', 'Immersive Sim', 'Shooter', 'Sports', 'Controller']",Intel i3-4170,NVIDIA GTX 660 / ATI HD7870 - 1GB VRAM,4096
588650,Dead Cells,135934,"['Action', 'Adventure', 'Indie']","['Adventure', 'Action Roguelike', 'Pixel Graphics', 'Metroidvania', 'Roguelike', '2D', 'Souls-like', 'Roguelite', 'Replay Value', 'Hack and Slash', 'Difficult', 'Platformer', 'Singleplayer', 'Roguevania', 'Action', 'Dark Fantasy', 'Procedural Generation', 'Atmospheric', 'Funny', 'Indie']",Intel i5+,Nvidia GTX 460 / Radeon HD 7800 or better,4096
270880,American Truck Simulator,134650,"['Indie', 'Simulation']","['Automobile Sim', 'Driving', 'Open World', 'Transportation', 'Simulation', 'America', 'Realistic', 'Moddable', 'Relaxing', 'Exploration', 'Economy', 'Management', 'Atmospheric', 'Immersive Sim', 'Multiplayer', 'Singleplayer', 'Adventure', 'Casual', 'Family Friendly', 'Level Editor']",Intel Core i5-9600 or AMD Ryzen 5 3600 or similar,NVIDIA GeForce GTX 1660 or AMD Radeon RX 590 (2GB VRAM),12288
311210,Call of DutyÂ®: Black Ops III,133443,"['Action', 'Adventure']","['Multiplayer', 'Zombies', 'FPS', 'Shooter', 'Action', 'First-Person', 'Singleplayer', 'Co-op', 'Futuristic', 'Illuminati', 'Hero Shooter', 'Robots', 'Sci-fi', 'Gore', 'Great Soundtrack', 'Story Rich', 'Atmospheric', 'Parkour', 'Quick-Time Events', 'Simulation']",IntelÂ® CoreEEEE¢ i3-530 @ 2.93 GHz / AMD PhenomEEEE¢ II X4 810 @ 2.60 GHz,NVIDIAÂ® GeForceÂ® GTX 470 @ 1GB / ATIÂ® RadeonEEEE¢ HD 6970 @ 1GB,6144
379720,DOOM,132465,['Action'],"['FPS', 'Gore', 'Action', 'Shooter', 'Great Soundtrack', 'Demons', 'First-Person', 'Fast-Paced', 'Singleplayer', 'Multiplayer', 'Sci-fi', 'Horror', 'Atmospheric', 'Classic', 'Blood', 'Difficult', 'Remake', 'Zombies', 'Co-op', 'Violent']",Intel Core i7-3770/AMD FX-8350 or better,NVIDIA GTX 970 4GB/AMD Radeon R9 290 4GB or better,8192
534380,Dying Light 2 Stay Human: Reloaded Edition,132419,"['Action', 'Adventure', 'RPG']","['Open World', 'Co-op', 'Zombies', 'Parkour', 'Multiplayer', 'Horror', 'Combat', 'Gore', 'Exploration', 'First-Person', 'Post-apocalyptic', 'Survival', 'Singleplayer', 'Action RPG', 'Action', 'Adventure', 'Action-Adventure', 'Violent', 'Choices Matter', 'Multiple Endings']",Intel Core i3-9100 / AMD Ryzen 3 2300X,NVIDIAÂ® GeForceÂ® GTX 1050 Ti / AMD RadeonEEEE¢ RX 560 (4GB VRAM),8192
